{
    "SourceVertexId": 0,
    "version": "1.0.0",
    "vertices": {
        "0": {
            "id": 0,
            "iteration": 1,
            "subiteration": 0,
            "name": "start"
        },
        "1": {
            "id": 1,
            "iteration": 2,
            "subiteration": 0,
            "name": "iteration: 2\nclass: MavenAnalyser\nname: Maven",
            "data": {
                "consumedArtifacts": [
                    "simple-pcf-application - Service"
                ],
                "pathMappings": "(Source, , source)\n(Template, /tmp/move2kube231600504/environment-Maven-3006057238/maven-transformer-build-2179830209/Dockerfile.build.template, source/Dockerfile.buildstage)",
                "producedArtifacts": [
                    "simple-pcf-application - Jar",
                    "simple-pcf-application-buildstage - Dockerfile"
                ]
            }
        },
        "10": {
            "id": 10,
            "iteration": 5,
            "subiteration": 0,
            "name": "iteration: 5\nclass: ClusterSelectorTransformer\nname: ClusterSelector",
            "data": {
                "consumedArtifacts": [
                    "myproject - IR"
                ],
                "pathMappings": "",
                "producedArtifacts": [
                    "myproject - IR"
                ]
            }
        },
        "11": {
            "id": 11,
            "iteration": 5,
            "subiteration": 0,
            "name": "iteration: 5\nclass: BuildConfig\nname: Buildconfig",
            "data": {
                "consumedArtifacts": [
                    "myproject - IR"
                ],
                "pathMappings": "",
                "producedArtifacts": []
            }
        },
        "12": {
            "id": 12,
            "iteration": 5,
            "subiteration": 0,
            "name": "iteration: 5\nclass: ComposeGenerator\nname: ComposeGenerator",
            "data": {
                "consumedArtifacts": [
                    "myproject - IR"
                ],
                "pathMappings": "(Default, /tmp/move2kube231600504/environment-ComposeGenerator-1028858025/deploy/compose, deploy/compose)",
                "producedArtifacts": []
            }
        },
        "13": {
            "id": 13,
            "iteration": 5,
            "subiteration": 0,
            "name": "iteration: 5\nclass: ContainerImagesPushScript\nname: ContainerImagesPushScriptGenerator",
            "data": {
                "consumedArtifacts": [
                    "myproject - NewImages"
                ],
                "pathMappings": "(Template, /tmp/move2kube231600504/m2kassets/built-in/transformers/containerimagespushscript/templates, scripts)",
                "producedArtifacts": [
                    "ContainerImagesPushScript - ContainerImagesPushScript"
                ]
            }
        },
        "14": {
            "id": 14,
            "iteration": 5,
            "subiteration": 0,
            "name": "iteration: 5\nclass: ClusterSelectorTransformer\nname: ClusterSelector",
            "data": {
                "consumedArtifacts": [
                    "myproject - IR"
                ],
                "pathMappings": "",
                "producedArtifacts": [
                    "myproject - IR"
                ]
            }
        },
        "15": {
            "id": 15,
            "iteration": 5,
            "subiteration": 0,
            "name": "iteration: 5\nclass: Knative\nname: Knative",
            "data": {
                "consumedArtifacts": [
                    "myproject - IR"
                ],
                "pathMappings": "(Default, /tmp/move2kube231600504/environment-Knative-3418024879/deploy/knative/simple-pcf-application-service.yaml, deploy/knative/simple-pcf-application-service.yaml)",
                "producedArtifacts": [
                    "Knative - KubernetesYamls"
                ]
            }
        },
        "16": {
            "id": 16,
            "iteration": 5,
            "subiteration": 0,
            "name": "iteration: 5\nclass: ClusterSelectorTransformer\nname: ClusterSelector",
            "data": {
                "consumedArtifacts": [
                    "myproject - IR"
                ],
                "pathMappings": "",
                "producedArtifacts": [
                    "myproject - IR"
                ]
            }
        },
        "17": {
            "id": 17,
            "iteration": 5,
            "subiteration": 0,
            "name": "iteration: 5\nclass: Kubernetes\nname: Kubernetes",
            "data": {
                "consumedArtifacts": [
                    "myproject - IR"
                ],
                "pathMappings": "(PathTemplate, deploy/yamls, )\n(Default, /tmp/move2kube231600504/environment-Kubernetes-2533354917/k8s-yamls-8498081, {{ .OutputPath9727887 }})",
                "producedArtifacts": [
                    "simple-pcf-application - KubernetesYamls"
                ]
            }
        },
        "18": {
            "id": 18,
            "iteration": 5,
            "subiteration": 0,
            "name": "iteration: 5\nclass: ReadMeGenerator\nname: ReadMeGenerator",
            "data": {
                "consumedArtifacts": [
                    "ContainerImagesPushScript - ContainerImagesPushScript"
                ],
                "pathMappings": "(Template, /tmp/move2kube231600504/m2kassets/built-in/transformers/readmegenerator/templates, )",
                "producedArtifacts": []
            }
        },
        "19": {
            "id": 19,
            "iteration": 5,
            "subiteration": 0,
            "name": "iteration: 5\nclass: ClusterSelectorTransformer\nname: ClusterSelector",
            "data": {
                "consumedArtifacts": [
                    "myproject - IR"
                ],
                "pathMappings": "",
                "producedArtifacts": [
                    "myproject - IR"
                ]
            }
        },
        "2": {
            "id": 2,
            "iteration": 3,
            "subiteration": 0,
            "name": "iteration: 3\nclass: DockerfileImageBuildScript\nname: DockerfileImageBuildScript",
            "data": {
                "consumedArtifacts": [
                    "simple-pcf-application-buildstage - Dockerfile"
                ],
                "pathMappings": "(Template, /tmp/move2kube231600504/m2kassets/built-in/transformers/dockerfile/dockerimagebuildscript/templates, scripts)",
                "producedArtifacts": [
                    "myproject - NewImages",
                    "ContainerImageBuildScript - ContainerImageBuildScript"
                ]
            }
        },
        "20": {
            "id": 20,
            "iteration": 5,
            "subiteration": 0,
            "name": "iteration: 5\nclass: Tekton\nname: Tekton",
            "data": {
                "consumedArtifacts": [
                    "myproject - IR"
                ],
                "pathMappings": "(Default, /tmp/move2kube231600504/environment-Tekton-3303497209/deploy/cicd/tekton/myproject-ingress.yaml, deploy/cicd/tekton/myproject-ingress.yaml)\n(Default, /tmp/move2kube231600504/environment-Tekton-3303497209/deploy/cicd/tekton/myproject-tekton-triggers-admin-serviceaccount.yaml, deploy/cicd/tekton/myproject-tekton-triggers-admin-serviceaccount.yaml)\n(Default, /tmp/move2kube231600504/environment-Tekton-3303497209/deploy/cicd/tekton/myproject-clone-push-serviceaccount.yaml, deploy/cicd/tekton/myproject-clone-push-serviceaccount.yaml)\n(Default, /tmp/move2kube231600504/environment-Tekton-3303497209/deploy/cicd/tekton/myproject-tekton-triggers-admin-rolebinding.yaml, deploy/cicd/tekton/myproject-tekton-triggers-admin-rolebinding.yaml)\n(Default, /tmp/move2kube231600504/environment-Tekton-3303497209/deploy/cicd/tekton/myproject-tekton-triggers-admin-role.yaml, deploy/cicd/tekton/myproject-tekton-triggers-admin-role.yaml)\n(Default, /tmp/move2kube231600504/environment-Tekton-3303497209/deploy/cicd/tekton/quay-io-imagepullsecret-secret.yaml, deploy/cicd/tekton/quay-io-imagepullsecret-secret.yaml)\n(Default, /tmp/move2kube231600504/environment-Tekton-3303497209/deploy/cicd/tekton/myproject-image-registry-secret.yaml, deploy/cicd/tekton/myproject-image-registry-secret.yaml)\n(Default, /tmp/move2kube231600504/environment-Tekton-3303497209/deploy/cicd/tekton/myproject-git-repo-eventlistener.yaml, deploy/cicd/tekton/myproject-git-repo-eventlistener.yaml)\n(Default, /tmp/move2kube231600504/environment-Tekton-3303497209/deploy/cicd/tekton/myproject-git-event-triggerbinding.yaml, deploy/cicd/tekton/myproject-git-event-triggerbinding.yaml)\n(Default, /tmp/move2kube231600504/environment-Tekton-3303497209/deploy/cicd/tekton/myproject-run-clone-build-push-triggertemplate.yaml, deploy/cicd/tekton/myproject-run-clone-build-push-triggertemplate.yaml)\n(Default, /tmp/move2kube231600504/environment-Tekton-3303497209/deploy/cicd/tekton/myproject-clone-build-push-pipeline.yaml, deploy/cicd/tekton/myproject-clone-build-push-pipeline.yaml)",
                "producedArtifacts": [
                    "Tekton - KubernetesYamls"
                ]
            }
        },
        "21": {
            "id": 21,
            "iteration": 6,
            "subiteration": 0,
            "name": "iteration: 6\nclass: ReadMeGenerator\nname: ReadMeGenerator",
            "data": {
                "consumedArtifacts": [
                    "ArgoCD - KubernetesYamls",
                    "ContainerImagesPushScript - ContainerImagesPushScript",
                    "Knative - KubernetesYamls",
                    "simple-pcf-application - KubernetesYamls",
                    "Tekton - KubernetesYamls"
                ],
                "pathMappings": "(Template, /tmp/move2kube231600504/m2kassets/built-in/transformers/readmegenerator/templates, )",
                "producedArtifacts": []
            }
        },
        "22": {
            "id": 22,
            "iteration": 6,
            "subiteration": 0,
            "name": "iteration: 6\nclass: Parameterizer\nname: Parameterizer",
            "data": {
                "consumedArtifacts": [
                    "ArgoCD - KubernetesYamls",
                    "Knative - KubernetesYamls",
                    "simple-pcf-application - KubernetesYamls",
                    "Tekton - KubernetesYamls"
                ],
                "pathMappings": "(PathTemplate, {{ $pathType := EnvPathType .YamlsPath}}{{ $rel := Rel .YamlsPath }}{{ if eq $pathType \"Source\" }}source/{{end}}{{ $rel }}{{ if ne $rel \".\" }}/..{{end}}/{{ FilePathBase .YamlsPath }}-parameterized/helm-chart, )\n(Default, /tmp/move2kube231600504/environment-Parameterizer-3009369199/1998879101/argocd-parameterized/helm, {{ .HelmPath7131847 }})\n(PathTemplate, {{ $pathType := EnvPathType .YamlsPath}}{{ $rel := Rel .YamlsPath }}{{ if eq $pathType \"Source\" }}source/{{end}}{{ $rel }}{{ if ne $rel \".\" }}/..{{end}}/{{ FilePathBase .YamlsPath }}-parameterized/kustomize, )\n(Default, /tmp/move2kube231600504/environment-Parameterizer-3009369199/1998879101/argocd-parameterized/kustomize, {{ .KustomizePath9984059 }})\n(PathTemplate, {{ $pathType := EnvPathType .YamlsPath}}{{ $rel := Rel .YamlsPath }}{{ if eq $pathType \"Source\" }}source/{{end}}{{ $rel }}{{ if ne $rel \".\" }}/..{{end}}/{{ FilePathBase .YamlsPath }}-parameterized/openshift-template, )\n(Default, /tmp/move2kube231600504/environment-Parameterizer-3009369199/1998879101/argocd-parameterized/octemplates, {{ .OCTemplatePath1902081 }})\n(PathTemplate, {{ $pathType := EnvPathType .YamlsPath}}{{ $rel := Rel .YamlsPath }}{{ if eq $pathType \"Source\" }}source/{{end}}{{ $rel }}{{ if ne $rel \".\" }}/..{{end}}/{{ FilePathBase .YamlsPath }}-parameterized/helm-chart, )\n(Default, /tmp/move2kube231600504/environment-Parameterizer-3009369199/3835742667/knative-parameterized/helm, {{ .HelmPath4941318 }})\n(PathTemplate, {{ $pathType := EnvPathType .YamlsPath}}{{ $rel := Rel .YamlsPath }}{{ if eq $pathType \"Source\" }}source/{{end}}{{ $rel }}{{ if ne $rel \".\" }}/..{{end}}/{{ FilePathBase .YamlsPath }}-parameterized/kustomize, )\n(Default, /tmp/move2kube231600504/environment-Parameterizer-3009369199/3835742667/knative-parameterized/kustomize, {{ .KustomizePath954425 }})\n(PathTemplate, {{ $pathType := EnvPathType .YamlsPath}}{{ $rel := Rel .YamlsPath }}{{ if eq $pathType \"Source\" }}source/{{end}}{{ $rel }}{{ if ne $rel \".\" }}/..{{end}}/{{ FilePathBase .YamlsPath }}-parameterized/openshift-template, )\n(Default, /tmp/move2kube231600504/environment-Parameterizer-3009369199/3835742667/knative-parameterized/octemplates, {{ .OCTemplatePath6122540 }})\n(PathTemplate, {{ $pathType := EnvPathType .YamlsPath}}{{ $rel := Rel .YamlsPath }}{{ if eq $pathType \"Source\" }}source/{{end}}{{ $rel }}{{ if ne $rel \".\" }}/..{{end}}/{{ FilePathBase .YamlsPath }}-parameterized/helm-chart, )\n(Default, /tmp/move2kube231600504/environment-Parameterizer-3009369199/875187762/yamls-parameterized/helm, {{ .HelmPath8240456 }})\n(PathTemplate, {{ $pathType := EnvPathType .YamlsPath}}{{ $rel := Rel .YamlsPath }}{{ if eq $pathType \"Source\" }}source/{{end}}{{ $rel }}{{ if ne $rel \".\" }}/..{{end}}/{{ FilePathBase .YamlsPath }}-parameterized/kustomize, )\n(Default, /tmp/move2kube231600504/environment-Parameterizer-3009369199/875187762/yamls-parameterized/kustomize, {{ .KustomizePath6203300 }})\n(PathTemplate, {{ $pathType := EnvPathType .YamlsPath}}{{ $rel := Rel .YamlsPath }}{{ if eq $pathType \"Source\" }}source/{{end}}{{ $rel }}{{ if ne $rel \".\" }}/..{{end}}/{{ FilePathBase .YamlsPath }}-parameterized/openshift-template, )\n(Default, /tmp/move2kube231600504/environment-Parameterizer-3009369199/875187762/yamls-parameterized/octemplates, {{ .OCTemplatePath6410694 }})\n(PathTemplate, {{ $pathType := EnvPathType .YamlsPath}}{{ $rel := Rel .YamlsPath }}{{ if eq $pathType \"Source\" }}source/{{end}}{{ $rel }}{{ if ne $rel \".\" }}/..{{end}}/{{ FilePathBase .YamlsPath }}-parameterized/helm-chart, )\n(Default, /tmp/move2kube231600504/environment-Parameterizer-3009369199/494898541/tekton-parameterized/helm, {{ .HelmPath7278511 }})\n(PathTemplate, {{ $pathType := EnvPathType .YamlsPath}}{{ $rel := Rel .YamlsPath }}{{ if eq $pathType \"Source\" }}source/{{end}}{{ $rel }}{{ if ne $rel \".\" }}/..{{end}}/{{ FilePathBase .YamlsPath }}-parameterized/kustomize, )\n(Default, /tmp/move2kube231600504/environment-Parameterizer-3009369199/494898541/tekton-parameterized/kustomize, {{ .KustomizePath128162 }})\n(PathTemplate, {{ $pathType := EnvPathType .YamlsPath}}{{ $rel := Rel .YamlsPath }}{{ if eq $pathType \"Source\" }}source/{{end}}{{ $rel }}{{ if ne $rel \".\" }}/..{{end}}/{{ FilePathBase .YamlsPath }}-parameterized/openshift-template, )\n(Default, /tmp/move2kube231600504/environment-Parameterizer-3009369199/494898541/tekton-parameterized/octemplates, {{ .OCTemplatePath7455089 }})",
                "producedArtifacts": []
            }
        },
        "3": {
            "id": 3,
            "iteration": 3,
            "subiteration": 0,
            "name": "iteration: 3\nclass: JarAnalyser\nname: Jar",
            "data": {
                "consumedArtifacts": [
                    "simple-pcf-application - Jar"
                ],
                "pathMappings": "(Source, , source)\n(Template, /tmp/move2kube231600504/environment-Jar-1729611778/simple-pcf-application/Dockerfile, source/Dockerfile)",
                "producedArtifacts": [
                    "simple-pcf-application - Dockerfile",
                    "simple-pcf-application - DockerfileForService"
                ]
            }
        },
        "4": {
            "id": 4,
            "iteration": 4,
            "subiteration": 0,
            "name": "iteration: 4\nclass: ContainerImagesPushScript\nname: ContainerImagesPushScriptGenerator",
            "data": {
                "consumedArtifacts": [
                    "myproject - NewImages"
                ],
                "pathMappings": "(Template, /tmp/move2kube231600504/m2kassets/built-in/transformers/containerimagespushscript/templates, scripts)",
                "producedArtifacts": [
                    "ContainerImagesPushScript - ContainerImagesPushScript"
                ]
            }
        },
        "5": {
            "id": 5,
            "iteration": 4,
            "subiteration": 0,
            "name": "iteration: 4\nclass: DockerfileImageBuildScript\nname: DockerfileImageBuildScript",
            "data": {
                "consumedArtifacts": [
                    "simple-pcf-application - Dockerfile"
                ],
                "pathMappings": "(Template, /tmp/move2kube231600504/m2kassets/built-in/transformers/dockerfile/dockerimagebuildscript/templates, scripts)",
                "producedArtifacts": [
                    "myproject - NewImages",
                    "myproject - NewImages",
                    "ContainerImageBuildScript - ContainerImageBuildScript"
                ]
            }
        },
        "6": {
            "id": 6,
            "iteration": 4,
            "subiteration": 0,
            "name": "iteration: 4\nclass: DockerfileParser\nname: DockerfileParser",
            "data": {
                "consumedArtifacts": [
                    "simple-pcf-application - DockerfileForService"
                ],
                "pathMappings": "",
                "producedArtifacts": [
                    "myproject - IR"
                ]
            }
        },
        "7": {
            "id": 7,
            "iteration": 4,
            "subiteration": 0,
            "name": "iteration: 4\nclass: ZuulAnalyser\nname: ZuulAnalyser",
            "data": {
                "consumedArtifacts": [
                    "myproject - IR"
                ],
                "pathMappings": "",
                "producedArtifacts": [
                    "myproject - IR"
                ]
            }
        },
        "8": {
            "id": 8,
            "iteration": 5,
            "subiteration": 0,
            "name": "iteration: 5\nclass: ClusterSelectorTransformer\nname: ClusterSelector",
            "data": {
                "consumedArtifacts": [
                    "myproject - IR"
                ],
                "pathMappings": "",
                "producedArtifacts": [
                    "myproject - IR"
                ]
            }
        },
        "9": {
            "id": 9,
            "iteration": 5,
            "subiteration": 0,
            "name": "iteration: 5\nclass: ArgoCD\nname: ArgoCD",
            "data": {
                "consumedArtifacts": [
                    "myproject - IR"
                ],
                "pathMappings": "(Default, /tmp/move2kube231600504/environment-ArgoCD-2320595525/deploy/cicd/argocd/myproject-deploy-application.yaml, deploy/cicd/argocd/myproject-deploy-application.yaml)",
                "producedArtifacts": [
                    "ArgoCD - KubernetesYamls"
                ]
            }
        }
    },
    "edges": {
        "0": {
            "id": 0,
            "from": 0,
            "to": 1,
            "name": "0 -\u003e 1",
            "data": {
                "newArtifact": [
                    "simple-pcf-application - Service"
                ]
            }
        },
        "1": {
            "id": 1,
            "from": 1,
            "to": 2,
            "name": "1 -\u003e 2",
            "data": {
                "newArtifact": [
                    "simple-pcf-application-buildstage - Dockerfile"
                ]
            }
        },
        "10": {
            "id": 10,
            "from": 7,
            "to": 11,
            "name": "7 -\u003e 11",
            "data": {
                "newArtifact": [
                    "myproject - IR"
                ]
            }
        },
        "11": {
            "id": 11,
            "from": 7,
            "to": 12,
            "name": "7 -\u003e 12",
            "data": {
                "newArtifact": [
                    "myproject - IR"
                ]
            }
        },
        "12": {
            "id": 12,
            "from": 2,
            "to": 13,
            "name": "2 -\u003e 13",
            "data": {
                "newArtifact": [
                    "myproject - NewImages"
                ]
            }
        },
        "13": {
            "id": 13,
            "from": 7,
            "to": 14,
            "name": "7 -\u003e 14",
            "data": {
                "newArtifact": [
                    "myproject - IR"
                ]
            }
        },
        "14": {
            "id": 14,
            "from": 7,
            "to": 15,
            "name": "7 -\u003e 15",
            "data": {
                "newArtifact": [
                    "myproject - IR"
                ]
            }
        },
        "15": {
            "id": 15,
            "from": 7,
            "to": 16,
            "name": "7 -\u003e 16",
            "data": {
                "newArtifact": [
                    "myproject - IR"
                ]
            }
        },
        "16": {
            "id": 16,
            "from": 7,
            "to": 17,
            "name": "7 -\u003e 17",
            "data": {
                "newArtifact": [
                    "myproject - IR"
                ]
            }
        },
        "17": {
            "id": 17,
            "from": 4,
            "to": 18,
            "name": "4 -\u003e 18",
            "data": {
                "newArtifact": [
                    "ContainerImagesPushScript - ContainerImagesPushScript"
                ]
            }
        },
        "18": {
            "id": 18,
            "from": 7,
            "to": 19,
            "name": "7 -\u003e 19",
            "data": {
                "newArtifact": [
                    "myproject - IR"
                ]
            }
        },
        "19": {
            "id": 19,
            "from": 7,
            "to": 20,
            "name": "7 -\u003e 20",
            "data": {
                "newArtifact": [
                    "myproject - IR"
                ]
            }
        },
        "2": {
            "id": 2,
            "from": 1,
            "to": 3,
            "name": "1 -\u003e 3",
            "data": {
                "newArtifact": [
                    "simple-pcf-application - Jar"
                ]
            }
        },
        "20": {
            "id": 20,
            "from": 9,
            "to": 21,
            "name": "9 -\u003e 21",
            "data": {
                "newArtifact": [
                    "ArgoCD - KubernetesYamls"
                ]
            }
        },
        "21": {
            "id": 21,
            "from": 4,
            "to": 21,
            "name": "4 -\u003e 21",
            "data": {
                "newArtifact": [
                    "ContainerImagesPushScript - ContainerImagesPushScript"
                ]
            }
        },
        "22": {
            "id": 22,
            "from": 15,
            "to": 21,
            "name": "15 -\u003e 21",
            "data": {
                "newArtifact": [
                    "Knative - KubernetesYamls"
                ]
            }
        },
        "23": {
            "id": 23,
            "from": 17,
            "to": 21,
            "name": "17 -\u003e 21",
            "data": {
                "newArtifact": [
                    "simple-pcf-application - KubernetesYamls"
                ]
            }
        },
        "24": {
            "id": 24,
            "from": 20,
            "to": 21,
            "name": "20 -\u003e 21",
            "data": {
                "newArtifact": [
                    "Tekton - KubernetesYamls"
                ]
            }
        },
        "25": {
            "id": 25,
            "from": 9,
            "to": 22,
            "name": "9 -\u003e 22",
            "data": {
                "newArtifact": [
                    "ArgoCD - KubernetesYamls"
                ]
            }
        },
        "26": {
            "id": 26,
            "from": 15,
            "to": 22,
            "name": "15 -\u003e 22",
            "data": {
                "newArtifact": [
                    "Knative - KubernetesYamls"
                ]
            }
        },
        "27": {
            "id": 27,
            "from": 17,
            "to": 22,
            "name": "17 -\u003e 22",
            "data": {
                "newArtifact": [
                    "simple-pcf-application - KubernetesYamls"
                ]
            }
        },
        "28": {
            "id": 28,
            "from": 20,
            "to": 22,
            "name": "20 -\u003e 22",
            "data": {
                "newArtifact": [
                    "Tekton - KubernetesYamls"
                ]
            }
        },
        "3": {
            "id": 3,
            "from": 2,
            "to": 4,
            "name": "2 -\u003e 4",
            "data": {
                "newArtifact": [
                    "myproject - NewImages"
                ]
            }
        },
        "4": {
            "id": 4,
            "from": 3,
            "to": 5,
            "name": "3 -\u003e 5",
            "data": {
                "newArtifact": [
                    "simple-pcf-application - Dockerfile"
                ]
            }
        },
        "5": {
            "id": 5,
            "from": 3,
            "to": 6,
            "name": "3 -\u003e 6",
            "data": {
                "newArtifact": [
                    "simple-pcf-application - DockerfileForService"
                ]
            }
        },
        "6": {
            "id": 6,
            "from": 6,
            "to": 7,
            "name": "6 -\u003e 7",
            "data": {
                "newArtifact": [
                    "myproject - IR"
                ]
            }
        },
        "7": {
            "id": 7,
            "from": 7,
            "to": 8,
            "name": "7 -\u003e 8",
            "data": {
                "newArtifact": [
                    "myproject - IR"
                ]
            }
        },
        "8": {
            "id": 8,
            "from": 7,
            "to": 9,
            "name": "7 -\u003e 9",
            "data": {
                "newArtifact": [
                    "myproject - IR"
                ]
            }
        },
        "9": {
            "id": 9,
            "from": 7,
            "to": 10,
            "name": "7 -\u003e 10",
            "data": {
                "newArtifact": [
                    "myproject - IR"
                ]
            }
        }
    }
}
